CHROM	POS	ID	REF	ALT	QUAL	FILTER	SAMPLE	GT	DP	AD	GQ	SYMBOL	Transcript	Consequence	Impact	HGVSc	HGVSp	Existing_variation	gnomADg_AF	CLIN_SIG
chr22	42126548	.	G	A	83.64	PASS	SRR19682964	0/1	10	6,4	91	CYP2D6	ENST00000359033	downstream_gene_variant	MODIFIER			rs201759814&COSV62243459	0.02703	
chr22	42126611	.	C	G	90.64	PASS	SRR19682964	0/1	23	19,4	98	CYP2D6	ENST00000359033	missense_variant	MODERATE	ENST00000359033.4:c.1304G>C	ENSP00000351927.4:p.Ser435Thr	rs1135840&CM931123	0.5766	benign&drug_response
chr22	42127209	.	T	C	601.64	PASS	SRR19682964	0/1	47	28,19	99	CYP2D6	ENST00000359033	intron_variant	MODIFIER	ENST00000359033.4:c.1021-217A>G		rs2004511&COSV62245063	0.196	drug_response
chr22	42127407	.	T	G	96.64	PASS	SRR19682964	0/1	18	13,5	99	CYP2D6	ENST00000359033	intron_variant	MODIFIER	ENST00000359033.4:c.1020+40A>C		rs1985842	0.5816	
chr22	42127526	.	C	T	165.64	PASS	SRR19682964	0/1	28	19,9	99	CYP2D6	ENST00000359033	missense_variant	MODERATE	ENST00000359033.4:c.941G>A	ENSP00000351927.4:p.Arg314His	rs1058172&COSV62242932	0.05349	drug_response
chr22	42127634	.	C	A	238.64	SOR_gt3	SRR19682964	0/1	59	48,11	99	CYP2D6	ENST00000359033	missense_variant&splice_region_variant	MODERATE	ENST00000359033.4:c.833G>T	ENSP00000351927.4:p.Arg278Leu	rs3915951&COSV62242939	0.008908	
chr22	42127734	.	T	G	274.64	QD_lt2	SRR19682964	0/1	964	877,87	99	CYP2D6	ENST00000359033	intron_variant	MODIFIER	ENST00000359033.4:c.833-100A>C		rs1931168052		
chr22	42127740	.	T	C	1811.64	QD_lt2	SRR19682964	0/1	994	887,107	99	CYP2D6	ENST00000359033	intron_variant	MODIFIER	ENST00000359033.4:c.832+102A>G		rs1931168783	6.612e-06	
chr22	42127743	.	A	C	2240.64	PASS	SRR19682964	0/1	1051	927,124	99	CYP2D6	ENST00000359033	intron_variant	MODIFIER	ENST00000359033.4:c.832+99T>G		rs1931169298	6.613e-06	
chr22	42127753	.	T	G	5020.64	PASS	SRR19682964	0/1	1127	937,190	99	CYP2D6	ENST00000359033	intron_variant	MODIFIER	ENST00000359033.4:c.832+89A>C				
chr22	42127755	.	G	A	4803.64	PASS	SRR19682964	0/1	1154	967,187	99	CYP2D6	ENST00000359033	intron_variant	MODIFIER	ENST00000359033.4:c.832+87C>T				
chr22	42127758	.	C	T	241.64	QD_lt2	SRR19682964	0/1	1233	1115,118	99	CYP2D6	ENST00000359033	intron_variant	MODIFIER	ENST00000359033.4:c.832+84G>A		rs539070953&COSV100637244	6.607e-06	
chr22	42127774	.	A	T	24240.6	PASS	SRR19682964	0/1	1512	863,649	99	CYP2D6	ENST00000359033	intron_variant	MODIFIER	ENST00000359033.4:c.832+68T>A		rs1423323203	0	
chr22	42127778	.	T	C	24393.6	PASS	SRR19682964	0/1	1559	901,658	99	CYP2D6	ENST00000359033	intron_variant	MODIFIER	ENST00000359033.4:c.832+64A>G				
chr22	42127779	.	T	C	10623.6	PASS	SRR19682964	0/1	1639	1289,350	99	CYP2D6	ENST00000359033	intron_variant	MODIFIER	ENST00000359033.4:c.832+63A>G				
chr22	42127782	.	T	G	24553.6	PASS	SRR19682964	0/1	1640	961,679	99	CYP2D6	ENST00000359033	intron_variant	MODIFIER	ENST00000359033.4:c.832+60A>C		rs1170322318	0	
chr22	42127791	.	G	A	32292.6	PASS	SRR19682964	0/1	1762	902,860	99	CYP2D6	ENST00000359033	intron_variant	MODIFIER	ENST00000359033.4:c.832+51C>T		rs536709258	0.0002048	
chr22	42127792	.	C	G	15164.6	PASS	SRR19682964	0/1	1798	1315,483	99	CYP2D6	ENST00000359033	intron_variant	MODIFIER	ENST00000359033.4:c.832+50G>C		rs765006570	0.0001455	
chr22	42128241	.	CT	C	44863.6	PASS	SRR19682964	0/1	2614	1304,1310	99	CYP2D6	ENST00000359033	frameshift_variant	HIGH	ENST00000359033.4:c.622del	ENSP00000351927.4:p.Arg208GlyfsTer2	rs35742686&CD900279&COSV62243816	0.01227	likely_benign&drug_response&other
chr22	42128694	.	T	C	4461.64	PASS	SRR19682964	0/1	318	178,140	99	CYP2D6	ENST00000359033	intron_variant	MODIFIER	ENST00000359033.4:c.513+90A>G		rs2267447	0.193	drug_response
chr22	42128945	.	C	T	3951.64	PASS	SRR19682964	0/1	327	191,136	99	CYP2D6	ENST00000359033	splice_acceptor_variant	HIGH	ENST00000359033.4:c.353-1G>A		rs3892097&CS900241&COSV62243440	0.141	drug_response&other&likely_benign
chr22	42128980	.	C	T	145.64	QD_lt2	SRR19682964	0/1	289	259,30	99	CYP2D6	ENST00000359033	intron_variant	MODIFIER	ENST00000359033.4:c.353-36G>A		rs113678157&COSV62243279	0.001372	
chr22	42129130	.	C	G	4643.64	PASS	SRR19682964	0/1	285	140,145	99	CYP2D6	ENST00000359033	intron_variant	MODIFIER	ENST00000359033.4:c.353-186G>C		rs1058164	0.5723	
chr22	42129796	.	G	C	788.64	PASS	SRR19682964	0/1	69	46,23	99	CYP2D6	ENST00000359033	synonymous_variant	LOW	ENST00000359033.4:c.294C>G	ENSP00000351927.4:p.Thr98%3D	rs28371705	0.1253	
chr22	42129809	.	T	C	806.64	PASS	SRR19682964	0/1	70	47,23	99	CYP2D6	ENST00000359033	missense_variant	MODERATE	ENST00000359033.4:c.281A>G	ENSP00000351927.4:p.His94Arg	rs28371704&CM994690&COSV62242946	0.1238	drug_response
chr22	42129819	.	G	T	794.64	SOR_gt3	SRR19682964	0/1	73	49,24	99	CYP2D6	ENST00000359033	missense_variant	MODERATE	ENST00000359033.4:c.271C>A	ENSP00000351927.4:p.Leu91Met	rs28371703&CM994689&COSV62242960	0.1229	drug_response
chr22	42129950	.	A	C	797.64	PASS	SRR19682964	0/1	41	18,23	99	CYP2D6	ENST00000359033	intron_variant	MODIFIER	ENST00000359033.4:c.181-41T>G		rs28371702	0.6047	
chr22	42130047	.	G	C	242.64	PASS	SRR19682964	0/1	20	11,9	99	CYP2D6	ENST00000359033	intron_variant	MODIFIER	ENST00000359033.4:c.181-138C>G		rs28371701	0.443	
chr22	42130692	.	G	A	305.64	PASS	SRR19682964	0/1	20	10,10	99	CYP2D6	ENST00000359033	missense_variant	MODERATE	ENST00000359033.4:c.100C>T	ENSP00000351927.4:p.Pro34Ser	rs1065852&CM900081&COSV62243216	0.1904	drug_response&other&likely_benign
